<?xml version="1.0" encoding="UTF-8"?>
<project-private xmlns="http://www.netbeans.org/ns/project-private/1">
    <data xmlns="http://www.netbeans.org/ns/make-project-private/1">
        <activeConfTypeElem>1</activeConfTypeElem>
        <activeConfIndexElem>0</activeConfIndexElem>
    </data>
    <editor-bookmarks xmlns="http://www.netbeans.org/ns/editor-bookmarks/2" lastBookmarkId="0"/>
    <open-files xmlns="http://www.netbeans.org/ns/projectui-open-files/2">
        <group>
            <file>file:/C:/Users/guill/Documents/Cours/HEIG/ASD/Labo/Labo1/ASD-labo1_clean/random.cpp</file>
            <file>file:/C:/Users/guill/Documents/Cours/HEIG/ASD/Labo/Labo1/ASD-labo1_clean/complexite.cpp</file>
            <file>file:/C:/Users/guill/Documents/Cours/HEIG/ASD/Labo/Labo1/ASD-labo1_clean/save_csv.cpp</file>
            <file>file:/C:/Users/guill/Documents/Cours/HEIG/ASD/Labo/Labo1/ASD-labo1_clean/vector.h</file>
            <file>file:/C:/Users/guill/Documents/Cours/HEIG/ASD/Labo/Labo1/ASD-labo1_clean/vector.cpp</file>
            <file>file:/C:/Users/guill/Documents/Cours/HEIG/ASD/Labo/Labo1/ASD-labo1_clean/save_csv.h</file>
            <file>file:/C:/Users/guill/Documents/Cours/HEIG/ASD/Labo/Labo1/ASD-labo1_clean/tests.cpp</file>
            <file>file:/C:/Users/guill/Documents/Cours/HEIG/ASD/Labo/Labo1/ASD-labo1_clean/tests.h</file>
            <file>file:/C:/Users/guill/Documents/Cours/HEIG/ASD/Labo/Labo1/ASD-labo1_clean/main.cpp</file>
            <file>file:/C:/Users/guill/Documents/Cours/HEIG/ASD/Labo/Labo1/ASD-labo1_clean/random.h</file>
            <file>file:/C:/Users/guill/Documents/Cours/HEIG/ASD/Labo/Labo1/ASD-labo1_clean/complexite.h</file>
        </group>
    </open-files>
</project-private>
